<Schema name="New Schema1">
  <Dimension type="StandardDimension" visible="true" highCardinality="false" name="dim-waktu">
    <Hierarchy name="satu" visible="true" hasAll="true" allMemberName="allWaktu" primaryKey="sk">
      <Table name="dim_waktu">
      </Table>
      <Level name="tahun" visible="true" table="dim_waktu" column="tahun" type="Integer" uniqueMembers="false" levelType="Regular" hideMemberIf="Never">
      </Level>
      <Level name="nama_bulan" visible="true" table="dim_waktu" column="nama_bulan" type="String" uniqueMembers="false" levelType="Regular" hideMemberIf="Never">
      </Level>
      <Level name="tanggal" visible="true" table="dim_waktu" column="tanggal" type="Date" uniqueMembers="false" levelType="Regular" hideMemberIf="Never">
      </Level>
    </Hierarchy>
  </Dimension>
  <Dimension type="StandardDimension" visible="true" highCardinality="false" name="dim-pelanggan">
    <Hierarchy name="satu" visible="true" hasAll="true" allMemberName="allPelanggan" primaryKey="sk">
      <Table name="dim_pelanggan">
      </Table>
      <Level name="propinsi" visible="true" table="dim_pelanggan" column="propinsi" type="String" uniqueMembers="false" levelType="Regular" hideMemberIf="Never">
      </Level>
      <Level name="kota" visible="true" table="dim_pelanggan" column="kota" type="String" uniqueMembers="false" levelType="Regular" hideMemberIf="Never">
      </Level>
      <Level name="perusahaan" visible="true" table="dim_pelanggan" column="nama_perusahaan" type="String" uniqueMembers="false" levelType="Regular" hideMemberIf="Never">
      </Level>
    </Hierarchy>
  </Dimension>
  <Dimension type="StandardDimension" visible="true" highCardinality="false" name="dim-produk">
    <Hierarchy name="satu" visible="true" hasAll="true" allMemberName="allProduk" primaryKey="sk">
      <Table name="dim_produk">
      </Table>
      <Level name="kategori" visible="true" table="dim_produk" column="kategori" type="String" uniqueMembers="false" levelType="Regular" hideMemberIf="Never">
      </Level>
      <Level name="produk" visible="true" table="dim_produk" column="nama_produk" type="String" uniqueMembers="false" levelType="Regular" hideMemberIf="Never">
      </Level>
    </Hierarchy>
  </Dimension>
  <Cube name="waktu-cust-prod" visible="true" cache="true" enabled="true">
    <Table name="fact_pesanan">
    </Table>
    <DimensionUsage source="dim-waktu" name="dimensi-waktu" visible="true" foreignKey="tgl_bayar" highCardinality="false">
    </DimensionUsage>
    <DimensionUsage source="dim-pelanggan" name="dimensi-pelanggan" visible="true" foreignKey="dim_pelanggan_sk" highCardinality="false">
    </DimensionUsage>
    <DimensionUsage source="dim-produk" name="dimensi-produk" visible="true" foreignKey="dim_produk_sk" highCardinality="false">
    </DimensionUsage>
    <Measure name="nilai" column="nilai" aggregator="sum" visible="true">
    </Measure>
    <Measure name="trans" column="id" aggregator="count" visible="true">
    </Measure>
  </Cube>
  <Cube name="cust-waktu-prod" visible="true" cache="true" enabled="true">
    <Table name="fact_pesanan">
    </Table>
    <DimensionUsage source="dim-pelanggan" name="cust" visible="true" foreignKey="dim_pelanggan_sk" highCardinality="false">
    </DimensionUsage>
    <DimensionUsage source="dim-waktu" name="waktu" visible="true" foreignKey="tgl_bayar" highCardinality="false">
    </DimensionUsage>
    <DimensionUsage source="dim-produk" name="prod" visible="true" foreignKey="dim_produk_sk" highCardinality="false">
    </DimensionUsage>
    <Measure name="nilai" column="nilai" aggregator="sum" visible="true">
    </Measure>
    <Measure name="jumlah-data" column="id" aggregator="count" visible="true">
    </Measure>
  </Cube>
  <Cube name="prod-cust-waktu" visible="true" cache="true" enabled="true">
    <Table name="fact_pesanan">
    </Table>
    <DimensionUsage source="dim-produk" name="produk" visible="true" foreignKey="dim_produk_sk" highCardinality="false">
    </DimensionUsage>
    <DimensionUsage source="dim-pelanggan" name="cust" visible="true" foreignKey="dim_pelanggan_sk" highCardinality="false">
    </DimensionUsage>
    <DimensionUsage source="dim-waktu" name="waktu" visible="true" foreignKey="tgl_bayar" highCardinality="false">
    </DimensionUsage>
    <Measure name="nilai" column="nilai" aggregator="sum" visible="true">
    </Measure>
    <Measure name="jumlah-data" column="nilai" aggregator="count" visible="true">
    </Measure>
  </Cube>
</Schema>
